tier,method_A,method_B,metric,n,mean_A,mean_B,mean_difference_A_minus_B,bootstrap95_difference_low,bootstrap95_difference_high,relative_change_A_vs_B_pct,relative_change95_low_pct,relative_change95_high_pct,paired_t,paired_t_p,wilcoxon_W,wilcoxon_p,cohen_dz,rank_biserial,wilcoxon_p_holm
primary,GraphOptimizer,Physics-CEM,charging_time_min,30,21.633333333333333,25.033333333333335,-3.4,-3.6333333333333333,-3.1333333333333333,-13.581890812250341,-14.533333333333331,-12.58366800535475,-25.722711652095352,1.6261415721822588e-21,0.0,1.074533845672884e-06,-4.696303137351201,-1.0,4.298135382691536e-06
primary,GraphOptimizer,Physics-CEM,final_SOC_sigma_pct,30,0.3662808573917882,0.41435343076891107,-0.04807257337712293,-0.11578778065755406,0.019394228152831688,-11.601828247907868,-26.366650740282125,5.1354410707118925,-1.3662331888717054,0.18236723184445838,186.0,0.3492113798856735,-0.2494389121190831,-0.2,0.5787324123084545
primary,GraphOptimizer,Physics-CEM,final_T_gradient_C,30,0.15534383774597332,0.11596448982292694,0.039379347923046384,0.018380124037654644,0.059932556600681086,33.95810905836524,14.592124454699828,57.66660839193787,3.6604526654447644,0.0009972161246996625,85.0,0.001718590036034584,0.6683041651813362,0.6344086021505376,0.005155770108103752
primary,GraphOptimizer,Physics-CEM,peak_T_C,30,26.31942632815834,26.25707319086763,0.062353137290708106,0.04868127531915747,0.07808091296681546,0.23747177317690166,0.18582691441863042,0.2989756171510412,8.157934091426995,5.3817304455069955e-09,1.0,3.725290298461914e-09,1.489428174838326,0.9956989247311828,1.862645149230957e-08
primary,GraphOptimizer,Physics-CEM,cumulative_aging,30,0.0007678713705345764,0.0008091045228469136,-4.123315231233704e-05,-4.5819917423084424e-05,-3.650027328800811e-05,-5.096146560552441,-5.671743827075371,-4.516483664893669,-16.939601386144375,1.4021727237782934e-16,0.0,1.862645149230957e-09,-3.0927339314456845,-1.0,1.1175870895385742e-08
primary,GraphOptimizer,Physics-CEM,pack_energy_Wh,30,23.63914931699192,23.591012418760336,0.048136898231588295,-0.035392281398230065,0.13115243713909022,0.20404761515577358,-0.14196501206985548,0.5625314242823122,1.1094495571371126,0.2763519754535522,180.0,0.28936620615422726,0.2025568496193711,0.22580645161290322,0.5787324123084545
secondary,GraphOptimizer,CC-CV,charging_time_min,30,21.633333333333333,15.066666666666666,6.566666666666666,6.3,6.833333333333333,43.584070796460175,41.8141592920354,45.33384955752208,49.40998959303182,1.5106929163407495e-29,0.0,1.0385220154642943e-06,9.020988622066344,1.0,5.192610077321472e-06
secondary,GraphOptimizer,CC-CV,final_SOC_sigma_pct,30,0.3662808573917882,3.2208623954644557,-2.8545815380726673,-3.2030736851368995,-2.531353478526374,-88.62786383213465,-90.6662010824838,-86.3297702577464,-16.24672298163817,4.20961751872023e-16,0.0,1.862645149230957e-09,-2.966232220860272,-1.0,3.3527612686157227e-08
secondary,GraphOptimizer,CC-CV,final_T_gradient_C,30,0.15534383774597332,0.17209742626637425,-0.016753588520400934,-0.03796793220887587,0.004684344225591857,-9.734944260275888,-19.893021697390996,3.705176345834789,-1.491860711446872,0.14653497974154242,158.0,0.12935307621955872,-0.27237525477171914,-0.3204301075268817,0.12935307621955872
secondary,GraphOptimizer,CC-CV,peak_T_C,30,26.31942632815834,26.64062555076255,-0.3211992226042059,-0.3902275763827885,-0.25232911128267455,-1.2056744763450824,-1.4724797586218936,-0.9478663729467334,-8.967034476510689,7.370999006153674e-10,0.0,1.862645149230957e-09,-1.637149018903811,-1.0,3.3527612686157227e-08
secondary,GraphOptimizer,CC-CV,cumulative_aging,30,0.0007678713705345764,0.0007435302354122109,2.434113512236554e-05,1.9616982635297658e-05,2.9140296681547245e-05,3.273724989659739,2.631547280345588,3.924831945353685,9.820417700085946,9.939928767745168e-11,1.0,3.725290298461914e-09,1.7929547661533585,0.9956989247311828,3.725290298461914e-08
secondary,GraphOptimizer,CC-CV,pack_energy_Wh,30,23.63914931699192,24.224477470335753,-0.5853281533438353,-0.7243714489154258,-0.44970831805798267,-2.4162674058113396,-2.983499543805427,-1.8650251156869195,-8.234317528533722,4.4445225620637065e-09,5.0,1.862645149230957e-08,-1.5033738186793695,-0.978494623655914,1.4901161193847656e-07
secondary,GraphOptimizer,CC-CV-Balance,charging_time_min,30,21.633333333333333,15.0,6.633333333333334,6.4,6.9,44.22222222222222,42.66666666666666,45.99999999999999,50.57418639603983,7.746807442881088e-30,0.0,1.0650712458763252e-06,9.233540905527308,1.0,5.192610077321472e-06
secondary,GraphOptimizer,CC-CV-Balance,final_SOC_sigma_pct,30,0.3662808573917882,1.7508820791544888,-1.3846012217627004,-1.5325504219716266,-1.2416432048191537,-79.08020981237827,-82.38297100803331,-75.54207585983085,-18.235746922256656,1.9742449054680396e-17,0.0,1.862645149230957e-09,-3.3293766474251254,-1.0,3.3527612686157227e-08
secondary,GraphOptimizer,CC-CV-Balance,final_T_gradient_C,30,0.15534383774597332,0.2153346830331909,-0.05999084528721757,-0.07974966277000839,-0.041234550347687395,-27.859351053991986,-33.82018904301609,-21.031970125666245,-6.015298742018958,1.527333866982962e-06,19.0,5.718320608139038e-07,-1.0982382703787443,-0.9182795698924732,3.430992364883423e-06
secondary,GraphOptimizer,CC-CV-Balance,peak_T_C,30,26.31942632815834,26.669969582206974,-0.35054325404863057,-0.42719474542570807,-0.27755680654225484,-1.3143744051455597,-1.5978650022750243,-1.032021687261422,-9.047749871371035,6.073583237858449e-10,0.0,1.862645149230957e-09,-1.6518855664047938,-1.0,3.3527612686157227e-08
secondary,GraphOptimizer,CC-CV-Balance,cumulative_aging,30,0.0007678713705345764,0.0007469185637746758,2.0952806759900572e-05,1.585545366833919e-05,2.6132159026143684e-05,2.805233097168205,2.1365208735158903,3.489748201356839,7.904979597180987,1.0196102692733626e-08,5.0,1.862645149230957e-08,1.4432452139980427,0.978494623655914,1.4901161193847656e-07
secondary,GraphOptimizer,CC-CV-Balance,pack_energy_Wh,30,23.63914931699192,24.389361093709613,-0.7502117767176946,-0.8858090055277723,-0.6144098589419665,-3.0759796201106138,-3.6349882344436764,-2.516724982910477,-10.584682247540053,1.7903353300606412e-11,2.0,5.587935447692871e-09,-1.932489743667389,-0.9913978494623656,5.029141902923584e-08
secondary,GraphOptimizer,Proportional,charging_time_min,30,21.633333333333333,15.0,6.633333333333334,6.366666666666666,6.9,44.22222222222222,42.44444444444444,45.99999999999999,50.57418639603983,7.746807442881088e-30,0.0,1.0650712458763252e-06,9.233540905527308,1.0,5.192610077321472e-06
secondary,GraphOptimizer,Proportional,final_SOC_sigma_pct,30,0.3662808573917882,0.11821936143885686,0.24806149595293123,0.19647733216375154,0.3002678129447136,209.8315309216324,151.70582296011096,283.89059962708495,9.136172344428136,4.917715544132637e-10,0.0,1.862645149230957e-09,1.668029227432716,1.0,3.3527612686157227e-08
secondary,GraphOptimizer,Proportional,final_T_gradient_C,30,0.15534383774597332,0.33734104132249054,-0.18199720357651722,-0.21277004556078313,-0.15296530553183377,-53.95050743396857,-57.713804024950406,-50.024312652281175,-11.664305918620158,1.7994114456835863e-12,0.0,1.862645149230957e-09,-2.129601156423093,-1.0,3.3527612686157227e-08
secondary,GraphOptimizer,Proportional,peak_T_C,30,26.31942632815834,26.74231448801081,-0.4228881598524712,-0.5167900145141683,-0.3299336641108431,-1.5813446515336578,-1.938940625096249,-1.228741493884528,-8.724133970875505,1.3268044646562903e-09,0.0,1.862645149230957e-09,-1.5928016568485435,-1.0,3.3527612686157227e-08
secondary,GraphOptimizer,Proportional,cumulative_aging,30,0.0007678713705345764,0.0007527367263332221,1.5134644201354258e-05,1.0017654936947614e-05,2.0455801358441637e-05,2.0106158862580097,1.3189152038052068,2.7118837295358333,5.548643994468767,5.529313398505539e-06,30.0,3.7904828786849976e-06,1.0130391597787047,0.8709677419354839,7.580965757369995e-06
secondary,GraphOptimizer,Proportional,pack_energy_Wh,30,23.63914931699192,24.620540019403503,-0.9813907024115759,-1.1301152932648348,-0.8324602652608988,-3.9860648939387517,-4.602254372593138,-3.362758443297334,-12.481754282570723,3.461660485471523e-13,0.0,1.862645149230957e-09,-2.2788461259335655,-1.0,3.3527612686157227e-08
