family,comparison,metric,metric_label,n,mean_A,mean_B,mean_difference,bootstrap95_low,bootstrap95_high,relative_difference_pct,relative_bootstrap95_low_pct,relative_bootstrap95_high_pct,wilcoxon_p,paired_t_p,cohen_dz,wilcoxon_holm_p
primary,GraphOptimizer - Physics-CEM,charging_time_min,Charging time (min),30,21.5,24.933333333333334,-3.433333333333333,-3.6333333333333333,-3.2,-13.770053475935828,-14.591700133868807,-12.898610416964189,9.410848819168127e-07,2.1225223138460794e-23,-5.484012130895446,3.7643395276672507e-06
primary,GraphOptimizer - Physics-CEM,final_SOC_sigma_pct,Final SOC sigma (%),30,0.369522218940176,0.4127443681309116,-0.043222149190735464,-0.10398839810347389,0.017392321149393857,-10.471893144530238,-23.66193023621687,4.287095104777929,0.17059839516878128,0.17812825589474776,-0.25195568697949744,0.34119679033756256
primary,GraphOptimizer - Physics-CEM,final_T_gradient_C,Final thermal gradient (C),30,0.143589828925579,0.09665853384942551,0.046931295076153505,0.024300493874323724,0.0697794048957499,48.55370054470616,22.660306499916082,81.09037759280419,0.0005548261106014252,0.00043980923961410226,0.7239230437581643,0.0016644783318042755
primary,GraphOptimizer - Physics-CEM,cumulative_aging,Cumulative aging proxy,30,0.0007630031957132796,0.0008048688731722673,-4.1865677458987495e-05,-4.584657115148225e-05,-3.77405586434599e-05,-5.201552557745276,-5.683304495712981,-4.693692606820574,1.862645149230957e-09,1.6604157629533293e-18,-3.6499669017934404,9.313225746154785e-09
primary,GraphOptimizer - Physics-CEM,energy_Wh,Energy (Wh),30,23.54124881846632,23.474380172652598,0.06686864581371145,-0.014341933788432397,0.1498998749294451,0.2848579827109619,-0.06842147758826334,0.6469655594619105,0.17059839516878128,0.12773582262031893,0.2862712723904247,0.34119679033756256
secondary,GraphOptimizer - HUST-Projected,charging_time_min,Charging time (min),30,21.5,24.633333333333333,-3.1333333333333333,-3.466666666666667,-2.8,-12.719891745602164,-13.959731543624155,-11.459754433833563,1.3056254562973688e-06,1.760852119250281e-17,-3.3436402605501803,2.6112509125947375e-06
secondary,GraphOptimizer - HUST-Projected,final_SOC_sigma_pct,Final SOC sigma (%),30,0.369522218940176,2.78382468601578,-2.4143024670756037,-2.5900912662125695,-2.2413123912918174,-86.7260959069575,-88.36781335744698,-84.97613770969367,1.862645149230957e-09,6.387125512704036e-22,-4.856511628508228,9.313225746154785e-09
secondary,GraphOptimizer - HUST-Projected,final_T_gradient_C,Final thermal gradient (C),30,0.143589828925579,0.05986300638823146,0.08372682253734756,0.0667726659848644,0.10120105000689163,139.86404557491036,106.45047813348339,175.9908077499825,9.313225746154785e-09,3.0965190332747587e-10,1.703681781701168,2.7939677238464355e-08
secondary,GraphOptimizer - HUST-Projected,cumulative_aging,Cumulative aging proxy,30,0.0007630031957132796,0.0008509525073835957,-8.79493116703159e-05,-9.373160065335403e-05,-8.196503198935444e-05,-10.335396030588342,-10.96647738730203,-9.688466216470035,1.862645149230957e-09,6.704846298356193e-23,-5.263992048360393,9.313225746154785e-09
secondary,GraphOptimizer - HUST-Projected,energy_Wh,Energy (Wh),30,23.54124881846632,23.680686046969413,-0.13943722850310347,-0.23424082068630422,-0.04179856767331482,-0.5888225882752223,-0.9932385784894966,-0.1753213521341312,0.010598260909318924,0.009302242171511967,-0.5087075873341873,0.010598260909318924
