scenario,chemistry,sigma_init,T_amb,controller,time_min,sigma_pct,T_max,dT,violations,N
LFP nominal,LFP,0.03,25.0,GraphOptimizer,38.6333,0.3638,26.2273,0.0184,0.0,30
LFP nominal,LFP,0.03,25.0,Pure Greedy,24.7333,0.1201,26.3106,0.1467,0.0,30
LFP nominal,LFP,0.03,25.0,CC-CV,14.8333,3.2226,26.6806,0.1807,0.0333,30
NMC zero-shot,NMC,0.03,25.0,GraphOptimizer,31.1333,0.6164,29.6262,0.8373,16.8,30
NMC zero-shot,NMC,0.03,25.0,Pure Greedy,29.7667,0.3954,31.1109,0.5496,0.1,30
NMC zero-shot,NMC,0.03,25.0,CC-CV,55.4667,4.621,35.3489,0.0009,103.1,30
LCO zero-shot,LCO,0.03,25.0,GraphOptimizer,30.4,1.4204,28.2419,1.1047,70.2333,30
LCO zero-shot,LCO,0.03,25.0,Pure Greedy,40.8667,0.8293,27.5749,1.0223,18.1333,30
LCO zero-shot,LCO,0.03,25.0,CC-CV,58.2333,5.2763,29.2219,0.0065,26.2667,30
LFP high-imbalance,LFP,0.15,25.0,GraphOptimizer,44.0333,0.4187,26.2168,0.0388,0.0,30
LFP high-imbalance,LFP,0.15,25.0,Pure Greedy,23.4,0.1226,26.4087,0.2202,0.0,30
LFP high-imbalance,LFP,0.15,25.0,CC-CV,14.7667,11.2872,26.6786,0.1836,3.9333,30
LFP extreme-imbalance,LFP,0.25,25.0,GraphOptimizer,43.8333,0.6521,26.2151,0.0502,0.0,30
LFP extreme-imbalance,LFP,0.25,25.0,Pure Greedy,21.2,0.3616,26.4734,0.3683,0.0,30
LFP extreme-imbalance,LFP,0.25,25.0,CC-CV,14.6,13.5464,26.6708,0.1888,11.8333,30
LFP hot-start 40C,LFP,0.03,40.0,GraphOptimizer,40.2667,0.3469,41.2224,0.0139,0.0,30
LFP hot-start 40C,LFP,0.03,40.0,Pure Greedy,35.0667,0.2826,41.1447,0.0502,0.0,30
LFP hot-start 40C,LFP,0.03,40.0,CC-CV,14.8333,3.2226,41.6806,0.1807,0.0333,30
LFP hot-start 44C,LFP,0.03,44.0,GraphOptimizer,40.8667,0.3303,45.311,0.0173,4.3333,30
LFP hot-start 44C,LFP,0.03,44.0,Pure Greedy,35.1333,0.282,45.1449,0.049,2.3667,30
LFP hot-start 44C,LFP,0.03,44.0,CC-CV,58.2667,3.2115,45.3749,0.0006,6.7333,30
