alpha,beta,sigma_pct,violations,T_max
0.0,1.0,0.5327,0.0,26.22
0.0,2.0,0.5327,0.0,26.22
0.0,3.0,0.5327,0.0,26.22
0.0,4.0,0.5327,0.0,26.22
0.0,5.0,0.5327,0.0,26.22
0.1,1.0,0.4113,0.0,26.22
0.1,2.0,0.4113,0.0,26.22
0.1,3.0,0.4113,0.0,26.22
0.1,4.0,0.4113,0.0,26.22
0.1,5.0,0.4113,0.0,26.22
0.3,1.0,0.3629,0.0,26.22
0.3,2.0,0.3629,0.0,26.22
0.3,3.0,0.3629,0.0,26.22
0.3,4.0,0.3629,0.0,26.22
0.3,5.0,0.3629,0.0,26.22
0.5,1.0,0.3612,0.0,26.22
0.5,2.0,0.3612,0.0,26.22
0.5,3.0,0.3612,0.0,26.22
0.5,4.0,0.3612,0.0,26.22
0.5,5.0,0.3612,0.0,26.22
1.0,1.0,0.3417,0.0,26.23
1.0,2.0,0.3417,0.0,26.23
1.0,3.0,0.3417,0.0,26.23
1.0,4.0,0.3417,0.0,26.23
1.0,5.0,0.3417,0.0,26.23
