w_time,w_gradient,w_violation,n_episodes,charge_time_min,sigma_SOC_pct,T_max_C,delta_T_C,aging_proxy_e4,violations
4,1,50.0,10,39.0,0.3494,26.151,0.0179,10.8037,0.0
4,3,50.0,10,39.0,0.3462,26.147,0.0186,10.7978,0.0
4,5,50.0,10,38.6,0.3876,26.151,0.018,10.7106,0.0
8,1,50.0,10,37.4,0.4402,26.154,0.0263,10.4872,0.0
8,3,50.0,10,37.0,0.544,26.149,0.0282,10.403,0.0
8,5,50.0,10,37.0,0.4912,26.151,0.0216,10.3929,0.0
12,1,50.0,10,35.9,0.4411,26.159,0.0306,10.1831,0.0
12,3,50.0,10,35.7,0.5001,26.153,0.0292,10.1448,0.0
12,5,50.0,10,35.5,0.5514,26.151,0.0313,10.0994,0.0
20,1,50.0,10,36.0,0.4413,26.157,0.0307,10.217,0.0
20,3,50.0,10,35.9,0.5146,26.152,0.0274,10.1965,0.0
20,5,50.0,10,35.1,0.5271,26.159,0.0304,10.0221,0.0
